<?xml version="1.0" encoding="UTF-8" ?>
<!DOCTYPE mapper
  PUBLIC "-//mybatis.org//DTD Mapper 3.0//EN"
  "http://mybatis.org/dtd/mybatis-3-mapper.dtd">

<mapper namespace="com.kami.kami.dao.ManagementMapper">
	
	<insert id="insertColor" parameterType="Haircolor">
		insert into haircolor(
			colorseq
		    ,color
		    ,colorcode
		) values(
			haircolorseq.nextval
			,#{color}
			,#{colorCode}
		)
	</insert>
	
	<select id="selectColor" resultType="Haircolor">
		select
			colorseq
		    ,color
		    ,colorcode
		from
			haircolor
	</select>
	
	<insert id="insertProcedure" parameterType="Procedure">
		insert into Procedure(
			procedureseq
		    ,pcd_name
		    ,pcd_time
		    ,pcd_price
		) values(
			procedureseq.nextval
			,#{pcd_name}
			,#{pcd_time}
			,#{pcd_price}
		)
	</insert>
	
	<select id="selectProcedure" resultType="Procedure">
		select
			procedureseq
		    ,pcd_name
		    ,pcd_time
		    ,pcd_price
		from
			Procedure
	</select>
</mapper>

