<?xml version="1.0" encoding="UTF-8" ?>
<!DOCTYPE mapper
  PUBLIC "-//mybatis.org//DTD Mapper 3.0//EN"
  "http://mybatis.org/dtd/mybatis-3-mapper.dtd">

<mapper namespace="com.kami.kami.dao.ReservationMapper">
	
	<insert id="insertRes" parameterType="Res">
		insert into reservation(
			reservationseq
			,emp_id
			,mem_id
			,paymentNum
			,rsv_date
			,rsv_time
			,rsv_totalPrice
		) values(
			reservationSeq.nextval
			,#{emp_id}
			,#{mem_id}
			,'1'
			,TO_DATE(#{rsv_date},'YYYY-MM-DD HH24:MI')
			,TO_DATE(#{rsv_time},'HH24:MI')
			,0
		)
	</insert>

	<select id="selectRes" resultType="Res" parameterType="map">
		select
			reservationseq
			,emp_id
			,mem_id
			,paymentNum
			,rsv_date
			,rsv_time
			,rsv_totalPrice
	 	from 
	 		reservation 
	 	where
	 		mem_id=#{mem_id}
	</select>
	
	<select id="selectResEmp" resultType="Res" parameterType="map">
		select
			reservationseq
			,emp_id
			,mem_id
			,paymentNum
			,rsv_date
			,rsv_time
			,rsv_totalPrice
	 	from 
	 		reservation 
	 	where
	 		emp_id=#{emp_id}
	</select>
	
	<delete id="deleteRes" parameterType="map"> 
		delete from
			reservation
		where
			reservationseq=#{reservationseq}
	</delete>
	
	<select id="selectResOne" resultType="Res" parameterType="String">
		select
			reservationseq
			,emp_id
			,mem_id
			,paymentNum
			,rsv_date
			,rsv_time
			,rsv_totalPrice
	 	from 
	 		reservation 
	 	where
	 		reservationseq=#{reservationseq}
	</select>
	
	<update id="updateRes" parameterType="Res">
		update 
			reservation
		set
			emp_id=#{emp_id}
			,rsv_date=TO_DATE(#{rsv_date},'YYYY-MM-DD HH24:MI')
			,rsv_time=TO_DATE(#{rsv_time},'HH24:MI')
		where
			reservationseq=#{reservationseq}
	</update>
</mapper>